COPY public.kota (provinsi, nama_kota, latitude, longitude) FROM stdin;
BANTEN	KAB. LEBAK	-6.5644	106.2522
BANTEN	KAB. PANDEGLANG	-6.7483	105.6882
BANTEN	KAB. SERANG	-6.1397	106.0405
BANTEN	KAB. TANGERANG	-6.1872	106.4877
BANTEN	KOTA CILEGON	-6.0025	106.0111
BANTEN	KOTA SERANG	-6.1104	106.164
BANTEN	KOTA TANGERANG	-6.2024	106.6527
BANTEN	KOTA TANGERANG SELATAN	-6.2835	106.7113
JAWA BARAT	KAB. BANDUNG	-7.1341	107.6215
JAWA BARAT	KAB. BANDUNG BARAT	-6.8652	107.492
JAWA BARAT	KAB. BEKASI	-6.2474	107.1485
JAWA BARAT	KAB. BOGOR	-6.5518	106.6291
JAWA BARAT	KAB. CIAMIS	-7.3321	108.3493
JAWA BARAT	KAB. CIANJUR	-7.358	107.1957
JAWA BARAT	KAB. CIREBON	-6.6899	108.4751
JAWA BARAT	KAB. GARUT	-7.5012	107.7636
JAWA BARAT	KAB. INDRAMAYU	-6.3373	108.3258
JAWA BARAT	KAB. KARAWANG	-6.3227	107.3376
JAWA BARAT	KAB. KUNINGAN	-7.0138	108.5701
JAWA BARAT	KAB. MAJALENGKA	-6.7791	108.2852
JAWA BARAT	KAB. PANGANDARAN	-7.6151	108.4988
JAWA BARAT	KAB. PURWAKARTA	-6.5649	107.4322
JAWA BARAT	KAB. SUBANG	-6.3488	107.7636
JAWA BARAT	KAB. SUKABUMI	-6.8649	106.9536
JAWA BARAT	KAB. SUMEDANG	-6.8329	107.9532
JAWA BARAT	KAB. TASIKMALAYA	-7.6513	108.1429
JAWA BARAT	KOTA BANDUNG	-6.9175	107.6191
JAWA BARAT	KOTA BANJAR	-7.3707	108.5342
JAWA BARAT	KOTA BEKASI	-6.2383	106.9756
JAWA BARAT	KOTA BOGOR	-6.5971	106.806
JAWA BARAT	KOTA CIMAHI	-6.8841	107.5413
JAWA BARAT	KOTA CIREBON	-6.732	108.5523
JAWA BARAT	KOTA DEPOK	-6.4025	106.7942
JAWA BARAT	KOTA SUKABUMI	-6.9277	106.93
JAWA BARAT	KOTA TASIKMALAYA	-7.3506	108.2172
DKI JAKARTA	KOTA JAKARTA	-6.1751	106.865
DKI JAKARTA	KAB. ADMINISTRASI KEPULAUAN SERIBU	-5.6122	106.617
JAWA TENGAH	KAB. BANJARNEGARA	-7.3794	109.6163
JAWA TENGAH	KAB. BANYUMAS	-7.4832	109.1404
JAWA TENGAH	KAB. BATANG	-7.0392	109.9021
JAWA TENGAH	KAB. BLORA	-7.0122	111.3799
JAWA TENGAH	KAB. BOYOLALI	-7.4318	110.6884
JAWA TENGAH	KAB. BREBES	-6.9592	108.9027
JAWA TENGAH	KAB. CILACAP	-7.6178	108.9027
JAWA TENGAH	KAB. DEMAK	-6.9239	110.6646
JAWA TENGAH	KAB. GROBOGAN	-7.1542	110.9507
JAWA TENGAH	KAB. JEPARA	-6.5827	110.6787
JAWA TENGAH	KAB. KARANGANYAR	-7.6387	111.046
JAWA TENGAH	KAB. KEBUMEN	-7.6681	109.6525
JAWA TENGAH	KAB. KENDAL	-7.0265	110.1879
JAWA TENGAH	KAB. KLATEN	-7.6579	110.6646
JAWA TENGAH	KAB. KUDUS	-6.7726	110.8791
JAWA TENGAH	KAB. MAGELANG	-7.4305	110.2832
JAWA TENGAH	KAB. PATI	-6.745	111.046
JAWA TENGAH	KAB. PEKALONGAN	-7.0517	109.6163
JAWA TENGAH	KAB. PEMALANG	-7.0599	109.4259
JAWA TENGAH	KAB. PURBALINGGA	-7.3059	109.4259
JAWA TENGAH	KAB. PURWOREJO	-7.6965	109.9989
JAWA TENGAH	KAB. REMBANG	-6.8082	111.4276
JAWA TENGAH	KAB. SEMARANG	-7.1765	110.4739
JAWA TENGAH	KAB. SRAGEN	-7.4303	111.0092
JAWA TENGAH	KAB. SUKOHARJO	-7.6484	110.8553
JAWA TENGAH	KAB. TEGAL	-6.8588	109.1048
JAWA TENGAH	KAB. TEMANGGUNG	-7.2749	110.0892
JAWA TENGAH	KAB. WONOGIRI	-7.8846	111.046
JAWA TENGAH	KAB. WONOSOBO	-7.3632	109.9002
JAWA TENGAH	KOTA MAGELANG	-7.4797	110.2177
JAWA TENGAH	KOTA PEKALONGAN	-6.8898	109.6746
JAWA TENGAH	KOTA SALATIGA	-7.3305	110.5084
JAWA TENGAH	KOTA SEMARANG	-7.0051	110.4381
JAWA TENGAH	KOTA SURAKARTA	-7.5755	110.8243
JAWA TENGAH	KOTA TEGAL	-6.8797	109.1256
JAWA TENGAH	KAB. BANTUL	-7.919	110.3785
JAWA TENGAH	KAB. GUNUNGKIDUL	-8.0305	110.6169
JAWA TENGAH	KAB. KULON PROGO	-7.8267	110.1641
JAWA TENGAH	KAB. SLEMAN	-7.7325	110.4024
JAWA TIMUR	KAB. BANGKALAN	-7.0384	112.9137
JAWA TIMUR	KAB. BANYUWANGI	-8.2191	114.3691
JAWA TIMUR	KAB. BLITAR	-8.0955	112.1609
JAWA TIMUR	KAB. BOJONEGORO	-7.3175	111.7615
JAWA TIMUR	KAB. BONDOWOSO	-7.9674	113.9061
JAWA TIMUR	KAB. GRESIK	-7.155	112.5722
JAWA TIMUR	KAB. JEMBER	-8.1845	113.6681
JAWA TIMUR	KAB. JOMBANG	-7.5741	112.2861
JAWA TIMUR	KAB. KEDIRI	-7.8232	112.1907
JAWA TIMUR	KAB. LAMONGAN	-7.1269	112.3338
JAWA TIMUR	KAB. LUMAJANG	-8.0944	113.1442
JAWA TIMUR	KAB. MADIUN	-7.6093	111.6184
JAWA TIMUR	KAB. MAGETAN	-7.6433	111.356
JAWA TIMUR	KAB. MALANG	-8.2422	112.7152
JAWA TIMUR	KAB. MOJOKERTO	-7.4699	112.4351
JAWA TIMUR	KAB. NGANJUK	-7.5944	111.9046
JAWA TIMUR	KAB. NGAWI	-7.461	111.3322
JAWA TIMUR	KAB. PACITAN	-8.1263	111.1414
JAWA TIMUR	KAB. PAMEKASAN	-7.1051	113.5252
JAWA TIMUR	KAB. PASURUAN	-7.786	112.8582
JAWA TIMUR	KAB. PONOROGO	-7.8651	111.4696
JAWA TIMUR	KAB. PROBOLINGGO	-7.8718	113.4776
JAWA TIMUR	KAB. SAMPANG	-7.0402	113.2394
JAWA TIMUR	KAB. SIDOARJO	-7.4726	112.6675
JAWA TIMUR	KAB. SITUBONDO	-7.7889	114.1915
JAWA TIMUR	KAB. SUMENEP	-6.9254	113.9061
JAWA TIMUR	KAB. TRENGGALEK	-8.1824	111.6184
JAWA TIMUR	KAB. TUBAN	-6.8955	112.0298
JAWA TIMUR	KAB. TULUNGAGUNG	-8.0912	111.9642
JAWA TIMUR	KOTA BATU	-7.8831	112.5334
JAWA TIMUR	KOTA BLITAR	-8.0955	112.1609
JAWA TIMUR	KOTA KEDIRI	-7.848	112.0178
JAWA TIMUR	KOTA MADIUN	-7.6311	111.53
JAWA TIMUR	KOTA MALANG	-7.9666	112.6326
JAWA TIMUR	KOTA MOJOKERTO	-7.4705	112.4401
JAWA TIMUR	KOTA PASURUAN	-7.6469	112.8999
JAWA TIMUR	KOTA PROBOLINGGO	-7.7764	113.2037
JAWA TIMUR	KOTA SURABAYA	-7.2575	112.7521
\.

COPY public.realisasi (nama_kota, nama_penerima, jumlah_realisasi) FROM stdin;
KAB. BANDUNG	Brandice	455
KAB. BANDUNG BARAT	Persis	268
KAB. BEKASI	Grenville	379
KAB. BOGOR	Augustina	267
KAB. CIAMIS	Dwayne	451
KAB. CIANJUR	Allayne	76
KAB. CIREBON	Jobye	114
KAB. GARUT	Celisse	147
KAB. INDRAMAYU	Hershel	384
KAB. KARAWANG	Willey	464
KAB. KUNINGAN	Debra	216
KAB. MAJALENGKA	Hermon	158
KAB. PANGANDARAN	Keven	143
KAB. PURWAKARTA	Aili	443
KAB. SUBANG	Helaina	340
KAB. SUKABUMI	Arvin	202
KAB. SUMEDANG	Kirsten	232
KAB. TASIKMALAYA	Nolly	134
KOTA BANDUNG	Chrysler	307
KOTA BANJAR	Lottie	145
KOTA BEKASI	Stern	137
KOTA BOGOR	Quill	490
KOTA CIMAHI	Wait	400
KOTA CIREBON	Meridith	90
KOTA DEPOK	Sonny	273
KOTA SUKABUMI	Brigit	396
KOTA TASIKMALAYA	Normand	230
KAB. BANDUNG	Lek	249
KAB. BANDUNG BARAT	Jesse	56
KAB. BEKASI	Ellyn	174
KAB. BOGOR	Koo	92
KAB. CIAMIS	Robinetta	327
KAB. CIANJUR	Blancha	126
KAB. CIREBON	Sarajane	302
KAB. GARUT	Imelda	333
KAB. INDRAMAYU	Corri	225
KAB. KARAWANG	Tanitansy	61
KAB. KUNINGAN	Terrie	107
KAB. MAJALENGKA	Cindra	399
KAB. PANGANDARAN	Dagmar	496
KAB. PURWAKARTA	Timotheus	333
KAB. SUBANG	Preston	94
KAB. SUKABUMI	Valentina	420
KAB. SUMEDANG	Beale	445
KAB. TASIKMALAYA	Madeline	413
KOTA BANDUNG	Jo-anne	397
KOTA BANJAR	Sherrie	272
KOTA BEKASI	Berke	85
KOTA BOGOR	Harley	224
KOTA CIMAHI	Shawn	431
KOTA CIREBON	James	482
KOTA DEPOK	Genny	182
KOTA SUKABUMI	Valentine	316
KOTA TASIKMALAYA	Alaine	357
KOTA BANDUNG	Barde	203
KOTA BANJAR	Hewett	270
KOTA BEKASI	Tiphani	221
KOTA BOGOR	Turner	68
KOTA CIMAHI	Jemimah	369
KOTA CIREBON	Ania	432
KOTA DEPOK	Kristel	374
KOTA SUKABUMI	Lazar	223
KOTA TASIKMALAYA	Linet	149
KOTA BANDUNG	Iseabal	319
KOTA BANJAR	Jodi	411
KOTA BEKASI	Gena	267
KOTA BOGOR	Delila	129
KOTA CIMAHI	Elisabetta	454
KOTA CIREBON	Kevon	213
KOTA DEPOK	Vaughan	449
KOTA SUKABUMI	Shanon	163
KOTA TASIKMALAYA	Aveline	317
KOTA BANDUNG	Mitzi	309
KOTA BANJAR	Inger	388
KOTA BEKASI	Georgia	210
KOTA BOGOR	Laina	362
KOTA CIMAHI	Laurella	208
KOTA CIREBON	Rodge	317
KOTA DEPOK	Oona	449
KOTA SUKABUMI	Brandais	315
KOTA TASIKMALAYA	Keelby	439
KOTA BANDUNG	Jonathon	383
KOTA BANJAR	Connor	135
KOTA BEKASI	Chadwick	218
KOTA BOGOR	Julius	260
KOTA CIMAHI	Charmion	393
KOTA CIREBON	Chris	430
KOTA DEPOK	Hobey	475
KOTA SUKABUMI	Seymour	182
KOTA TASIKMALAYA	Aland	157
KOTA BANDUNG	Ethelyn	438
KOTA BANJAR	Donal	172
KOTA BEKASI	Burnard	243
KOTA BOGOR	Kimball	93
KOTA CIMAHI	Geri	306
KOTA CIREBON	Adrian	121
KOTA DEPOK	Cobby	159
KOTA SUKABUMI	Pansie	133
KOTA TASIKMALAYA	Tatiania	174
KOTA MAGELANG   Joko  147
KOTA PEKALONGAN Budi  263
KOTA SALATIGA   Wati  166
KOTA SEMARANG   Iwan  222
KOTA SURAKARTA  Susi  166
KOTA TEGAL      Bejo  112
KOTA MAGELANG   Dudi  98
KOTA PEKALONGAN Didu  133
KOTA SALATIGA   Said  145
KOTA SEMARANG   Anwar 211
KOTA SURAKARTA  Tony  144
KOTA TEGAL      Bambang 200

\.

COPY public.alokasi (nama_kota, jumlah_alokasi) FROM stdin;
KAB. LEBAK	2040
KAB. PANDEGLANG	572
KAB. SERANG	2236
KAB. TANGERANG	1600
KOTA CILEGON	469
KOTA SERANG	595
KOTA TANGERANG	4694
KOTA TANGERANG SELATAN	4274
KAB. BANDUNG	1867
KAB. BANDUNG BARAT	2360
KAB. BEKASI	4470
KAB. BOGOR	1943
KAB. CIAMIS	2818
KAB. CIANJUR	3133
KAB. CIREBON	4366
KAB. GARUT	1012
KAB. INDRAMAYU	2717
KAB. KARAWANG	1934
KAB. KUNINGAN	4866
KAB. MAJALENGKA	1926
KAB. PANGANDARAN	333
KAB. PURWAKARTA	3338
KAB. SUBANG	156
KAB. SUKABUMI	1764
KAB. SUMEDANG	1151
KAB. TASIKMALAYA	4515
KOTA BANDUNG	2144
KOTA BANJAR	857
KOTA BEKASI	3975
KOTA BOGOR	2239
KOTA CIMAHI	3643
KOTA CIREBON	3970
KOTA DEPOK	1348
KOTA SUKABUMI	262
KOTA TASIKMALAYA	258
KOTA JAKARTA	3259
KAB. ADMINISTRASI KEPULAUAN SERIBU	1948
KAB. BANJARNEGARA	575
KAB. BANYUMAS	3803
KAB. BATANG	4575
KAB. BLORA	2427
KAB. BOYOLALI	1207
KAB. BREBES	3185
KAB. CILACAP	2117
KAB. DEMAK	1768
KAB. GROBOGAN	2567
KAB. JEPARA	1204
KAB. KARANGANYAR	2501
KAB. KEBUMEN	4749
KAB. KENDAL	2487
KAB. KLATEN	1212
KAB. KUDUS	1863
KAB. MAGELANG	1417
KAB. PATI	854
KAB. PEKALONGAN	2516
KAB. PEMALANG	4735
KAB. PURBALINGGA	3766
KAB. PURWOREJO	270
KAB. REMBANG	3614
KAB. SEMARANG	1621
KAB. SRAGEN	1894
KAB. SUKOHARJO	1900
KAB. TEGAL	3890
KAB. TEMANGGUNG	1425
KAB. WONOGIRI	3990
KAB. WONOSOBO	4612
KOTA MAGELANG	1476
KOTA PEKALONGAN	695
KOTA SALATIGA	2363
KOTA SEMARANG	3433
KOTA SURAKARTA	3868
KOTA TEGAL	3471
KAB. BANTUL	3583
KAB. GUNUNGKIDUL	936
KAB. KULON PROGO	3539
KAB. SLEMAN	2608
KAB. BANGKALAN	642
KAB. BANYUWANGI	137
KAB. BLITAR	2423
KAB. BOJONEGORO	790
KAB. BONDOWOSO	1582
KAB. GRESIK	4379
KAB. JEMBER	4948
KAB. JOMBANG	1476
KAB. KEDIRI	2773
KAB. LAMONGAN	4730
KAB. LUMAJANG	4512
KAB. MADIUN	4181
KAB. MAGETAN	518
KAB. MALANG	472
KAB. MOJOKERTO	4754
KAB. NGANJUK	2912
KAB. NGAWI	1809
KAB. PACITAN	2895
KAB. PAMEKASAN	2253
KAB. PASURUAN	3951
KAB. PONOROGO	1468
KAB. PROBOLINGGO	1242
KAB. SAMPANG	2452
KAB. SIDOARJO	3945
KAB. SITUBONDO	3168
KAB. SUMENEP	682
KAB. TRENGGALEK	3973
KAB. TUBAN	613
KAB. TULUNGAGUNG	3020
KOTA BATU	562
KOTA BLITAR	4253
KOTA KEDIRI	1700
KOTA MADIUN	3213
KOTA MALANG	2291
KOTA MOJOKERTO	2080
KOTA PASURUAN	3353
KOTA PROBOLINGGO	377
KOTA SURABAYA	2531
\.
